en,review_times,correct_times,avg_correct_rate,avg_elapsed_time,total_elapsed_time
abject,1,0,0.0,34.26,34.26
vicissitude,1,0,0.0,33.07,33.07
animadvert,1,1,1.0,26.1,26.1
pedantic,1,0,0.0,25.34,25.34
celerity,1,1,1.0,24.19,24.19
oblivious,1,1,1.0,21.48,21.48
perquisite,1,0,0.0,21.04,21.04
exempt,1,0,0.0,19.72,19.72
free-for-all,1,0,0.0,19.72,19.72
demystify,1,1,1.0,19.49,19.49
adherent,1,0,0.0,18.79,18.79
malefactor,1,0,0.0,18.68,18.68
demonstrable,1,1,1.0,18.38,18.38
rumination,1,1,1.0,17.33,17.33
quandary,1,1,1.0,17.18,17.18
forage,1,1,1.0,17.01,17.01
provenance,1,1,1.0,17.0,17.0
invective,2,1,0.5,16.92,33.84
bearing,2,1,0.5,15.78,31.56
fathom,1,1,1.0,15.14,15.14
augur,2,1,0.5,14.71,29.42
didactic,1,1,1.0,14.69,14.69
prophylactic,1,1,1.0,14.47,14.47
resplendent,1,0,0.0,14.4,14.4
innocuous,2,2,1.0,14.32,28.65
mendacity,2,2,1.0,14.04,28.07
extirpate,1,1,1.0,13.91,13.91
muddle,1,1,1.0,13.79,13.79
imitative,1,1,1.0,13.34,13.34
pertinacity,1,1,1.0,13.01,13.01
hamstring,1,1,1.0,12.52,12.52
inferable from,1,0,0.0,12.48,12.48
desultory,2,0,0.0,12.36,24.73
forsake,1,0,0.0,12.34,12.34
begrudging,1,0,0.0,12.28,12.28
anomalous,1,1,1.0,11.82,11.82
list,1,1,1.0,11.74,11.74
benediction,2,2,1.0,11.71,23.42
pigeonhole,1,0,0.0,11.43,11.43
privy,1,0,0.0,11.3,11.3
perpetuate,1,1,1.0,11.3,11.3
requiem,1,0,0.0,11.26,11.26
supercilious,1,1,1.0,11.05,11.05
luminary,1,1,1.0,10.9,10.9
ignominious,1,1,1.0,10.84,10.84
servile,1,1,1.0,10.79,10.79
mystification,1,1,1.0,10.75,10.75
penitential,2,0,0.0,10.66,21.32
scathing,1,1,1.0,10.62,10.62
viable,1,1,1.0,10.59,10.59
fallacy,1,1,1.0,10.58,10.58
dismantle,3,3,1.0,10.47,31.410000000000004
incentive,1,1,1.0,10.25,10.25
dissemble,1,1,1.0,10.12,10.12
baffle,1,1,1.0,10.07,10.07
prominent,2,2,1.0,10.06,20.12
monochromatic,1,1,1.0,10.06,10.06
flabbergast,2,2,1.0,10.03,20.06
disconsolate,2,2,1.0,10.0,20.0
mute,1,1,1.0,9.91,9.91
caviling,1,1,1.0,9.84,9.84
churlish,1,1,1.0,9.84,9.84
exiguous,1,0,0.0,9.82,9.82
unfathomable,2,2,1.0,9.74,19.48
compassionate,1,1,1.0,9.74,9.74
overarching,1,1,1.0,9.59,9.59
impregnable,1,1,1.0,9.5,9.5
negligent,1,1,1.0,9.35,9.35
hew,1,0,0.0,9.3,9.3
detection,1,1,1.0,9.25,9.25
brandish,1,0,0.0,9.22,9.22
demean,1,1,1.0,9.22,9.22
reminisce,2,2,1.0,9.2,18.39
demarcate,2,2,1.0,9.17,18.34
convert,1,1,1.0,9.04,9.04
respect,1,1,1.0,8.96,8.96
cerebral,1,1,1.0,8.83,8.83
anatomical,1,1,1.0,8.76,8.76
incorrigible,4,2,0.5,8.65,34.59
confess,1,1,1.0,8.62,8.62
aplomb,1,0,0.0,8.6,8.6
precarious,1,1,1.0,8.59,8.59
sedulous,1,1,1.0,8.53,8.53
intermittent,2,2,1.0,8.51,17.01
inhibit,1,1,1.0,8.46,8.46
disparate,2,2,1.0,8.44,16.89
discredit,1,1,1.0,8.4,8.4
permeate,1,1,1.0,8.21,8.21
revitalize,2,2,1.0,8.16,16.310000000000002
overt,1,1,1.0,8.12,8.12
moralistic,1,1,1.0,8.12,8.12
aphorism,1,1,1.0,8.06,8.06
imperious,2,2,1.0,7.99,15.98
imperious,2,2,1.0,7.99,15.98
presume,1,1,1.0,7.98,7.98
imperil,1,0,0.0,7.9,7.9
savor,2,2,1.0,7.87,15.739999999999998
agenda,1,1,1.0,7.86,7.86
delusive,2,1,0.5,7.81,15.62
industrious,1,1,1.0,7.75,7.75
apocryphal,3,2,0.67,7.74,23.21
gregarious,3,2,0.67,7.73,23.18
discreet,1,1,1.0,7.68,7.68
haphazard,2,2,1.0,7.66,15.31
sift,1,1,1.0,7.58,7.58
anneal,1,0,0.0,7.49,7.49
ephemeral,1,1,1.0,7.49,7.49
impromptu,1,1,1.0,7.46,7.46
evince,1,0,0.0,7.28,7.28
deprecate,1,1,1.0,7.23,7.23
fanfare,1,1,1.0,7.17,7.17
gauge,2,0,0.0,7.09,14.170000000000002
agitated,1,1,1.0,6.98,6.98
petrify,1,1,1.0,6.93,6.93
solicit,2,2,1.0,6.92,13.83
timorous,1,1,1.0,6.87,6.87
clear-cut,1,1,1.0,6.85,6.85
tedious,1,1,1.0,6.78,6.78
amend,1,1,1.0,6.78,6.78
attune,1,1,1.0,6.66,6.66
malinger,1,1,1.0,6.65,6.65
probity,1,1,1.0,6.64,6.64
turbulent,1,1,1.0,6.62,6.62
finesse,1,1,1.0,6.6,6.6
preeminent,1,1,1.0,6.54,6.54
demise,1,1,1.0,6.52,6.52
elegy,1,1,1.0,6.5,6.5
irrevocable,1,1,1.0,6.49,6.49
scintillating,1,1,1.0,6.48,6.48
pathos,1,1,1.0,6.48,6.48
equitable,1,1,1.0,6.46,6.46
factotum,1,0,0.0,6.41,6.41
patriarchal,1,1,1.0,6.39,6.39
accretion,1,1,1.0,6.31,6.31
instructive,1,1,1.0,6.24,6.24
optimistic,1,1,1.0,6.24,6.24
apprehend,3,3,1.0,6.22,18.66
pernicious,1,1,1.0,6.22,6.22
sanction,2,2,1.0,6.22,12.43
incubate,1,1,1.0,6.09,6.09
illustrious,2,2,1.0,6.06,12.13
myopia,2,2,1.0,6.04,12.07
supplant,1,1,1.0,6.01,6.01
lucid,1,1,1.0,5.99,5.99
n. 燃燒彈，縱火犯,1,1,1.0,5.98,5.98
serendipitous,1,1,1.0,5.9,5.9
buttress,1,1,1.0,5.89,5.89
innocence,1,1,1.0,5.87,5.87
adj. 衰敗的、墮落的,1,1,1.0,5.87,5.87
integral,1,1,1.0,5.85,5.85
n. 傳令官,1,1,1.0,5.82,5.82
quarrel,1,1,1.0,5.78,5.78
scourge,1,0,0.0,5.73,5.73
defamatory,3,3,1.0,5.71,17.13
aggravate,1,1,1.0,5.71,5.71
remarkable,1,1,1.0,5.7,5.7
devolve,1,1,1.0,5.69,5.69
magnanimous,1,1,1.0,5.63,5.63
impending,1,1,1.0,5.62,5.62
parochial,1,1,1.0,5.56,5.56
perverse,1,1,1.0,5.53,5.53
expedient,1,1,1.0,5.53,5.53
scintillate,1,1,1.0,5.5,5.5
obligatory,2,1,0.5,5.44,10.88
benefactor,2,2,1.0,5.41,10.82
neophyte,1,1,1.0,5.34,5.34
ostensible,2,2,1.0,5.28,10.57
detached,1,1,1.0,5.24,5.24
vindictive,1,1,1.0,5.23,5.23
humdrum,1,1,1.0,5.22,5.22
venal,1,0,0.0,5.21,5.21
affinity,1,1,1.0,5.2,5.2
sequacious,1,1,1.0,5.2,5.2
outgrowth,1,0,0.0,5.19,5.19
ingratiate,2,2,1.0,5.19,10.38
heterogeneous,1,1,1.0,5.18,5.18
compatible,1,1,1.0,5.18,5.18
adept,1,1,1.0,5.16,5.16
adept,1,1,1.0,5.16,5.16
canned,1,1,1.0,5.15,5.15
insubstantial,2,2,1.0,5.15,10.3
guile,1,1,1.0,5.12,5.12
obviate,2,2,1.0,5.09,10.18
inert,1,1,1.0,5.09,5.09
primacy,1,1,1.0,5.05,5.05
typify,1,1,1.0,5.0,5.0
knotty,1,0,0.0,4.99,4.99
purify,1,0,0.0,4.98,4.98
fungible,1,0,0.0,4.97,4.97
robust,2,2,1.0,4.94,9.88
incessant,3,3,1.0,4.91,14.73
idolatrize,1,1,1.0,4.9,4.9
grandiloquence,1,1,1.0,4.89,4.89
notwithstanding,2,2,1.0,4.86,9.73
bogus,1,1,1.0,4.85,4.85
artful,1,1,1.0,4.84,4.84
valediction,1,1,1.0,4.82,4.82
vacant,1,1,1.0,4.81,4.81
diffuse,1,1,1.0,4.81,4.81
egregious,2,2,1.0,4.8,9.6
oration,1,1,1.0,4.8,4.8
conscientious,1,1,1.0,4.79,4.79
submission,1,1,1.0,4.79,4.79
fortuitous,1,1,1.0,4.76,4.76
impetus,1,1,1.0,4.74,4.74
decipher,1,1,1.0,4.73,4.73
contingent,2,2,1.0,4.7,9.4
premeditate,1,1,1.0,4.67,4.67
rebellious,1,1,1.0,4.67,4.67
caustic,2,1,0.5,4.62,9.23
abstemious,1,1,1.0,4.62,4.62
obstrusive,2,2,1.0,4.61,9.21
pronounced,1,1,1.0,4.59,4.59
amnesty,1,1,1.0,4.58,4.58
quintessential,1,1,1.0,4.56,4.56
peripatetic,1,1,1.0,4.54,4.54
veracious,1,1,1.0,4.52,4.52
pretentious,1,1,1.0,4.52,4.52
calumnious,1,0,0.0,4.5,4.5
leaven,1,1,1.0,4.48,4.48
foil,1,1,1.0,4.48,4.48
virtual,1,1,1.0,4.45,4.45
attenuate,1,1,1.0,4.44,4.44
sketchy,1,1,1.0,4.44,4.44
meditate,4,4,1.0,4.4,17.6
profuse,1,1,1.0,4.4,4.4
n. 喜好；想像；幻想,1,1,1.0,4.39,4.39
insolent,2,2,1.0,4.38,8.77
nonchalant,1,1,1.0,4.36,4.36
accrue,1,1,1.0,4.35,4.35
ascendancy,1,1,1.0,4.33,4.33
elude,1,1,1.0,4.33,4.33
assure,1,1,1.0,4.31,4.31
placate,1,1,1.0,4.28,4.28
atrocity,1,1,1.0,4.25,4.25
disrupt,1,1,1.0,4.24,4.24
susceptible,1,1,1.0,4.15,4.15
encomium,1,1,1.0,4.08,4.08
foment,1,1,1.0,4.05,4.05
confide,1,1,1.0,4.05,4.05
specious,1,1,1.0,4.01,4.01
interrogate,1,1,1.0,4.01,4.01
august,2,2,1.0,4.0,8.0
apostasy,1,1,1.0,4.0,4.0
intelligible,2,2,1.0,4.0,8.0
evasive,2,2,1.0,3.99,7.9700000000000015
parsimonious,2,2,1.0,3.99,7.98
preliminary,1,1,1.0,3.98,3.98
reciprocity,1,1,1.0,3.97,3.97
philanthropic,1,1,1.0,3.97,3.97
suspend,1,1,1.0,3.96,3.96
harbor,4,4,1.0,3.96,15.84
outlandish,2,1,0.5,3.95,7.9
disinterested,4,4,1.0,3.95,15.81
disinterested,4,4,1.0,3.95,15.81
heterodox,2,2,1.0,3.94,7.880000000000001
dispatch,2,2,1.0,3.93,7.86
unmistakable,1,1,1.0,3.92,3.92
barrage,1,0,0.0,3.91,3.91
increment,1,1,1.0,3.91,3.91
arcane,1,1,1.0,3.91,3.91
primal,2,2,1.0,3.9,7.79
pompous,1,1,1.0,3.89,3.89
surreptitious,3,3,1.0,3.88,11.64
undeterred,1,1,1.0,3.88,3.88
dispense,2,2,1.0,3.86,7.71
ameliorate,1,1,1.0,3.86,3.86
hunch,1,1,1.0,3.85,3.85
amnesia,2,2,1.0,3.84,7.67
covert,1,1,1.0,3.84,3.84
demotic,1,1,1.0,3.83,3.83
proclaim,1,1,1.0,3.81,3.81
amity,1,1,1.0,3.77,3.77
predicament,1,1,1.0,3.77,3.77
exhaustive,1,1,1.0,3.77,3.77
superfluous,1,1,1.0,3.76,3.76
synoptic,2,2,1.0,3.76,7.52
tepid,1,1,1.0,3.75,3.75
instigate,1,1,1.0,3.73,3.73
symmetry,6,5,0.83,3.7,22.19
humble,1,1,1.0,3.7,3.7
plausible,1,1,1.0,3.7,3.7
incinerate,1,1,1.0,3.69,3.69
flamboyant,1,1,1.0,3.68,3.68
revert,1,1,1.0,3.67,3.67
obfuscate,2,2,1.0,3.66,7.32
mania,1,1,1.0,3.65,3.65
extravagant,3,3,1.0,3.65,10.96
nepotism,2,2,1.0,3.64,7.27
magnitude,1,1,1.0,3.64,3.64
discern,1,1,1.0,3.63,3.63
photosensitive,1,1,1.0,3.62,3.62
fickle,1,1,1.0,3.61,3.61
feckless,2,2,1.0,3.6,7.1999999999999975
reminiscent,1,1,1.0,3.6,3.6
eclectic,2,2,1.0,3.55,7.1099999999999985
impetuous,1,1,1.0,3.55,3.55
misconstrue,1,1,1.0,3.53,3.53
avert,1,1,1.0,3.53,3.53
palpable,1,1,1.0,3.53,3.53
cajole,1,1,1.0,3.53,3.53
commiserate,2,2,1.0,3.52,7.039999999999999
tractable,1,1,1.0,3.5,3.5
axiomatic,1,1,1.0,3.49,3.49
self-deprecating,1,1,1.0,3.48,3.48
upend,2,2,1.0,3.47,6.949999999999998
substantiate,3,3,1.0,3.47,10.419999999999998
substantiate,3,3,1.0,3.47,10.419999999999998
pellucid,1,1,1.0,3.47,3.47
apologist,1,1,1.0,3.46,3.46
disruptive,1,1,1.0,3.45,3.45
desperate,1,1,1.0,3.45,3.45
conjecture,1,1,1.0,3.45,3.45
indignant,1,1,1.0,3.44,3.44
censure,1,1,1.0,3.43,3.43
endemic,1,1,1.0,3.43,3.43
forfeit,1,1,1.0,3.42,3.42
conversant,1,1,1.0,3.42,3.42
tribute,1,1,1.0,3.42,3.42
incendiary,4,4,1.0,3.4,13.61
adj. 世界性的、全球的,1,1,1.0,3.38,3.38
transitional,1,1,1.0,3.37,3.37
avow,1,1,1.0,3.37,3.37
retrospective,2,2,1.0,3.34,6.69
parody,2,2,1.0,3.33,6.66
excrete,1,1,1.0,3.33,3.33
provisional,1,1,1.0,3.33,3.33
provisional,1,1,1.0,3.33,3.33
intangible,1,1,1.0,3.28,3.28
forbidding,1,1,1.0,3.28,3.28
fastidious,3,3,1.0,3.28,9.84
germane,3,3,1.0,3.27,9.82
zenith,1,1,1.0,3.27,3.27
scruple,1,1,1.0,3.26,3.26
denigrate,1,1,1.0,3.25,3.25
adaptive,1,1,1.0,3.23,3.23
demolish,1,1,1.0,3.23,3.23
conflate,1,1,1.0,3.23,3.23
calumny,1,1,1.0,3.2,3.2
factual,1,1,1.0,3.2,3.2
primitive,1,1,1.0,3.18,3.18
dissident,1,1,1.0,3.17,3.17
haunt,1,1,1.0,3.16,3.16
partisanship,1,1,1.0,3.16,3.16
inquisitive,1,1,1.0,3.15,3.15
pseudonym,1,1,1.0,3.15,3.15
routine,2,2,1.0,3.15,6.3000000000000025
sonorous,1,1,1.0,3.15,3.15
euphemism,1,1,1.0,3.14,3.14
irascible,1,1,1.0,3.13,3.13
informative,1,1,1.0,3.13,3.13
conspiracy,1,1,1.0,3.12,3.12
phobia,1,1,1.0,3.11,3.11
circumscribe,2,2,1.0,3.1,6.2
audacious,1,1,1.0,3.1,3.1
vital,1,1,1.0,3.08,3.08
vital,1,1,1.0,3.08,3.08
perimeter,2,2,1.0,3.06,6.12
ebullient,1,1,1.0,3.06,3.06
facade,1,1,1.0,3.05,3.05
autocracy,1,1,1.0,3.05,3.05
ornate,1,1,1.0,3.04,3.04
dispassionate,1,1,1.0,3.04,3.04
restive,1,1,1.0,3.03,3.03
resonant,2,2,1.0,3.02,6.04
coalition,1,1,1.0,3.02,3.02
seclude,1,1,1.0,3.01,3.01
improvise,1,1,1.0,3.0,3.0
unanimous,1,1,1.0,3.0,3.0
plaintive,1,1,1.0,2.97,2.97
wane,1,1,1.0,2.96,2.96
wane,1,1,1.0,2.96,2.96
rapprochement,1,1,1.0,2.95,2.95
forgo,1,1,1.0,2.95,2.95
portend,1,1,1.0,2.95,2.95
novice,1,1,1.0,2.93,2.93
assiduous,1,1,1.0,2.91,2.91
protean,1,1,1.0,2.9,2.9
errant,1,0,0.0,2.89,2.89
haughty,2,2,1.0,2.89,5.78
undercut,1,1,1.0,2.89,2.89
malign,2,2,1.0,2.88,5.76
deleterious,1,1,1.0,2.88,2.88
polemical,1,1,1.0,2.88,2.88
fixate,1,1,1.0,2.85,2.85
mediocre,1,1,1.0,2.85,2.85
vulgar,2,2,1.0,2.84,5.68
deflated,1,1,1.0,2.83,2.83
speculative,1,1,1.0,2.83,2.83
squelch,1,1,1.0,2.83,2.83
chic,1,1,1.0,2.82,2.82
decadence,1,1,1.0,2.82,2.82
tremulous,1,1,1.0,2.82,2.82
reflective,2,1,0.5,2.81,5.62
v. 使有趣活潑,1,1,1.0,2.81,2.81
reticent,1,1,1.0,2.79,2.79
agile,1,1,1.0,2.79,2.79
transcendent,4,4,1.0,2.78,11.13
discontinuity,3,3,1.0,2.78,8.34
impassive,1,1,1.0,2.77,2.77
altruism,1,1,1.0,2.75,2.75
annotate,1,1,1.0,2.74,2.74
shrewd,1,1,1.0,2.73,2.73
monomania,4,4,1.0,2.72,10.9
platitude,1,1,1.0,2.72,2.72
abjure,2,2,1.0,2.7,5.39
prodigal,4,4,1.0,2.7,10.82
prodigal,4,4,1.0,2.7,10.82
acute,1,1,1.0,2.68,2.68
unctuous,1,1,1.0,2.68,2.68
bromidic,1,1,1.0,2.68,2.68
hubris,1,1,1.0,2.68,2.68
doleful,1,1,1.0,2.67,2.67
braggart,1,1,1.0,2.67,2.67
abstrue,2,2,1.0,2.66,5.33
champion,1,1,1.0,2.65,2.65
exude,2,2,1.0,2.64,5.29
circumspect,1,1,1.0,2.64,2.64
pertinent,1,1,1.0,2.63,2.63
discretionary,1,1,1.0,2.63,2.63
hortatory,1,1,1.0,2.63,2.63
allusive,1,1,1.0,2.63,2.63
affirm,2,2,1.0,2.62,5.25
latent,1,1,1.0,2.62,2.62
aspersion,1,1,1.0,2.61,2.61
sound,1,0,0.0,2.6,2.6
reproof,1,1,1.0,2.6,2.6
recede,1,1,1.0,2.59,2.59
rhetoric,1,1,1.0,2.59,2.59
repudiate,2,2,1.0,2.58,5.16
lingering,1,1,1.0,2.58,2.58
rigid,1,1,1.0,2.58,2.58
scrutinize,1,1,1.0,2.56,2.56
vapid,2,2,1.0,2.55,5.1
lugubrious,3,3,1.0,2.55,7.6400000000000015
deplete,2,2,1.0,2.54,5.07
collude,1,1,1.0,2.53,2.53
dissent,2,2,1.0,2.52,5.04
exacerbate,2,2,1.0,2.5,4.99
dolorous,2,2,1.0,2.5,5.0
extemporize,2,2,1.0,2.5,4.99
hallmark,2,2,1.0,2.5,4.99
quirky,1,1,1.0,2.5,2.5
conundrum,2,2,1.0,2.5,5.0
reversible,1,1,1.0,2.5,2.5
deploy,3,3,1.0,2.49,7.46
divulge,2,1,0.5,2.47,4.94
affluent,1,1,1.0,2.46,2.46
prevalent,1,1,1.0,2.46,2.46
congenial,1,1,1.0,2.45,2.45
cosmopolitan,2,2,1.0,2.44,4.88
spontaneous,1,1,1.0,2.44,2.44
pitfall,1,1,1.0,2.43,2.43
rigor,1,1,1.0,2.43,2.43
futile,1,1,1.0,2.43,2.43
immutable,1,1,1.0,2.43,2.43
unseemly,1,1,1.0,2.41,2.41
opulent,1,1,1.0,2.41,2.41
fervent,2,2,1.0,2.41,4.82
rationale,3,3,1.0,2.4,7.19
disillusioned,1,1,1.0,2.4,2.4
motley,1,1,1.0,2.4,2.4
inexplicable,1,1,1.0,2.4,2.4
decry,2,2,1.0,2.38,4.75
tact,2,2,1.0,2.38,4.76
vitiate,1,1,1.0,2.38,2.38
austere,1,1,1.0,2.38,2.38
relish,2,1,0.5,2.37,4.74
exorcise,1,1,1.0,2.37,2.37
gainsay,2,2,1.0,2.36,4.71
diminutive,2,2,1.0,2.36,4.71
lopsided,2,2,1.0,2.35,4.7
barren,1,1,1.0,2.35,2.35
revile,1,1,1.0,2.35,2.35
evade,1,1,1.0,2.35,2.35
impugn,2,2,1.0,2.35,4.7
adroit,1,1,1.0,2.35,2.35
taciturn,1,1,1.0,2.33,2.33
affliction,1,1,1.0,2.33,2.33
deference,1,1,1.0,2.33,2.33
recondite,1,0,0.0,2.32,2.32
deviant,1,1,1.0,2.32,2.32
ingenuous,1,1,1.0,2.32,2.32
docile,2,2,1.0,2.3,4.59
condescending,6,6,1.0,2.29,13.74
homogeneous,1,1,1.0,2.29,2.29
eschew,2,2,1.0,2.29,4.58
assent,1,1,1.0,2.28,2.28
belligerent,2,2,1.0,2.28,4.55
notch,4,4,1.0,2.27,9.08
dampen,2,2,1.0,2.27,4.54
communal,1,1,1.0,2.26,2.26
categorical,1,1,1.0,2.26,2.26
torment,1,1,1.0,2.26,2.26
obstinate,2,2,1.0,2.25,4.5
abridge,3,3,1.0,2.25,6.74
conformity,4,4,1.0,2.24,8.94
exigent,2,2,1.0,2.24,4.4700000000000015
mediate,1,1,1.0,2.24,2.24
alacrity,1,1,1.0,2.24,2.24
coherent,1,1,1.0,2.23,2.23
productive,1,1,1.0,2.23,2.23
detest,1,1,1.0,2.22,2.22
deficit,1,1,1.0,2.22,2.22
whimsical,1,1,1.0,2.21,2.21
whimsical,1,1,1.0,2.21,2.21
disseminate,1,1,1.0,2.2,2.2
eclipse,1,1,1.0,2.2,2.2
boon,1,1,1.0,2.2,2.2
proclivity,1,1,1.0,2.16,2.16
exuberant,1,1,1.0,2.16,2.16
excoriate,1,1,1.0,2.16,2.16
resent,2,2,1.0,2.15,4.3
cynical,1,1,1.0,2.15,2.15
normative,1,1,1.0,2.15,2.15
dense,1,1,1.0,2.15,2.15
esoteric,3,3,1.0,2.15,6.44
impel,2,2,1.0,2.14,4.29
potent,1,1,1.0,2.13,2.13
infelicity,1,1,1.0,2.13,2.13
glut,2,2,1.0,2.11,4.22
glut,2,2,1.0,2.11,4.22
prospect,1,1,1.0,2.11,2.11
fixation,1,1,1.0,2.09,2.09
tyranny,1,1,1.0,2.09,2.09
abdicate,1,1,1.0,2.06,2.06
antiquated,1,1,1.0,2.06,2.06
conspicuous,1,1,1.0,2.05,2.05
pervade,1,1,1.0,2.05,2.05
placid,1,1,1.0,2.05,2.05
restrain,1,1,1.0,2.04,2.04
abscond,1,1,1.0,2.04,2.04
testimony,1,1,1.0,2.04,2.04
veritable,1,1,1.0,2.03,2.03
aversion,1,1,1.0,2.03,2.03
immune,1,1,1.0,2.01,2.01
banter,1,1,1.0,2.01,2.01
astronomical,1,1,1.0,2.0,2.0
rebuke,1,1,1.0,1.99,1.99
protend,5,5,1.0,1.98,9.89
bombastic,1,1,1.0,1.98,1.98
trenchant,1,1,1.0,1.98,1.98
fluctuate,1,1,1.0,1.98,1.98
ingratiating,1,1,1.0,1.97,1.97
stymie,1,1,1.0,1.97,1.97
boorish,2,2,1.0,1.96,3.93
amorphous,1,1,1.0,1.96,1.96
appeal,1,1,1.0,1.94,1.94
panacea,1,1,1.0,1.94,1.94
bellicose,1,1,1.0,1.93,1.93
flout,2,2,1.0,1.92,3.84
debunk,3,3,1.0,1.92,5.75
commend,1,1,1.0,1.91,1.91
verbose,1,1,1.0,1.89,1.89
frugal,1,1,1.0,1.89,1.89
fanciful,1,1,1.0,1.88,1.88
unprecedented,1,1,1.0,1.88,1.88
bouyant,1,1,1.0,1.87,1.87
preclude,2,2,1.0,1.86,3.71
endorse,1,1,1.0,1.86,1.86
solitary,1,1,1.0,1.85,1.85
profligate,1,1,1.0,1.85,1.85
deviate,1,1,1.0,1.84,1.84
congruent,2,2,1.0,1.83,3.66
treacherous,1,1,1.0,1.83,1.83
neutral,1,1,1.0,1.79,1.79
nuance,1,1,1.0,1.78,1.78
dichotomy,1,1,1.0,1.78,1.78
concur,1,1,1.0,1.77,1.77
patriot,1,1,1.0,1.76,1.76
hyperbole,2,2,1.0,1.76,3.51
trivial,1,1,1.0,1.76,1.76
malfeasance,1,1,1.0,1.75,1.75
notoriety,1,1,1.0,1.74,1.74
juvenile,1,1,1.0,1.73,1.73
surmount,1,1,1.0,1.73,1.73
trepidation,2,2,1.0,1.72,3.45
reconcile,1,1,1.0,1.7,1.7
immense,1,1,1.0,1.7,1.7
dissonant,1,1,1.0,1.69,1.69
pressing,1,1,1.0,1.68,1.68
genre,1,1,1.0,1.67,1.67
tenable,1,1,1.0,1.67,1.67
subside,3,3,1.0,1.66,4.99
mar,1,1,1.0,1.65,1.65
dictate,1,1,1.0,1.64,1.64
spurn,1,1,1.0,1.6,1.6
harangue,1,1,1.0,1.59,1.59
suppress,1,1,1.0,1.53,1.53
lurid,2,2,1.0,1.52,3.03
brook,2,2,1.0,1.5,3.01
pragmatic,1,1,1.0,1.49,1.49
dormant,1,1,1.0,1.46,1.46
condemn,1,1,1.0,1.43,1.43
remedy,1,1,1.0,1.43,1.43
succumb,1,1,1.0,1.38,1.38
spurious,1,1,1.0,1.33,1.33
elated,2,2,1.0,1.32,2.63
orthodox,0,0,,,0.0
idiosyncratic,0,0,,,0.0
lethargic,0,0,,,0.0
inadvertent,0,0,,,0.0
loath,0,0,,,0.0
opprobrium,0,0,,,0.0
embellish,0,0,,,0.0
captious,0,0,,,0.0
mandate,0,0,,,0.0
mendacious,0,0,,,0.0
impassioned,0,0,,,0.0
implacable,0,0,,,0.0
schism,0,0,,,0.0
consensus,0,0,,,0.0
insipid,0,0,,,0.0
intimidate,0,0,,,0.0
evanescent,0,0,,,0.0
virtuosity,0,0,,,0.0
banal,0,0,,,0.0
bland,0,0,,,0.0
downplay,0,0,,,0.0
embody,0,0,,,0.0
fabricate,0,0,,,0.0
formidable,0,0,,,0.0
lament,0,0,,,0.0
indulgent,0,0,,,0.0
provincial,0,0,,,0.0
quixotic,0,0,,,0.0
elicit,0,0,,,0.0
conciliatory,0,0,,,0.0
aristocrat,0,0,,,0.0
discrepancy,0,0,,,0.0
discrete,0,0,,,0.0
discretion,0,0,,,0.0
condone,0,0,,,0.0
aberrant,0,0,,,0.0
efficacious,0,0,,,0.0
fidelity,0,0,,,0.0
discomfit,0,0,,,0.0
imperative,0,0,,,0.0
proliferate,0,0,,,0.0
luxuriant,0,0,,,0.0
demur,0,0,,,0.0
negate,0,0,,,0.0
pejorative,0,0,,,0.0
proscribe,0,0,,,0.0
obsequious,0,0,,,0.0
obsolete,0,0,,,0.0
constant,0,0,,,0.0
presumptuous,0,0,,,0.0
pertain,0,0,,,0.0
temporal,0,0,,,0.0
epitome,0,0,,,0.0
vindicate,0,0,,,0.0
abet,0,0,,,0.0
antidote,0,0,,,0.0
feign,0,0,,,0.0
mercurial,0,0,,,0.0
override,0,0,,,0.0
redeem,0,0,,,0.0
abate,0,0,,,0.0
cavalier,0,0,,,0.0
precipitate,0,0,,,0.0
clairvoyance,0,0,,,0.0
irreconcilable,0,0,,,0.0
discursive,0,0,,,0.0
subdue,0,0,,,0.0
erratic,0,0,,,0.0
prolix,0,0,,,0.0
exonerate,0,0,,,0.0
dispel,0,0,,,0.0
euphoria,0,0,,,0.0
proprietary,0,0,,,0.0
repugnant,0,0,,,0.0
acquiescence,0,0,,,0.0
riveting,0,0,,,0.0
surrogate,0,0,,,0.0
sacrosanct,0,0,,,0.0
dissipate,0,0,,,0.0
somnolent,0,0,,,0.0
soporific,0,0,,,0.0
abstain,0,0,,,0.0
tenacious,0,0,,,0.0
intransigent,0,0,,,0.0
vacuous,0,0,,,0.0
verisimilitude,0,0,,,0.0
albeit,0,0,,,0.0
ascetic,0,0,,,0.0
berate,0,0,,,0.0
coerce,0,0,,,0.0
cogent,0,0,,,0.0
dabble,0,0,,,0.0
decimate,0,0,,,0.0
defy,0,0,,,0.0
espouse,0,0,,,0.0
fleeting,0,0,,,0.0
rarified,0,0,,,0.0
snobbery,0,0,,,0.0
substantial,0,0,,,0.0
universality,0,0,,,0.0
peregrinate,0,0,,,0.0
amiable,0,0,,,0.0
banish,0,0,,,0.0
base,0,0,,,0.0
recalcitrant,0,0,,,0.0
insouciance,0,0,,,0.0
indiscriminate,0,0,,,0.0
covet,0,0,,,0.0
decorum,0,0,,,0.0
obdurate,0,0,,,0.0
infelicitous,0,0,,,0.0
diffident,0,0,,,0.0
figurative,0,0,,,0.0
fractious,0,0,,,0.0
refractory,0,0,,,0.0
fraudulent,0,0,,,0.0
effrontery,0,0,,,0.0
fulminate,0,0,,,0.0
effusive,0,0,,,0.0
infuse,0,0,,,0.0
generic,0,0,,,0.0
ingrain,0,0,,,0.0
hortative,0,0,,,0.0
disjunctive,0,0,,,0.0
allegiance,0,0,,,0.0
ludicrous,0,0,,,0.0
malevolent,0,0,,,0.0
commensurate,0,0,,,0.0
mire,0,0,,,0.0
mordant,0,0,,,0.0
negligible,0,0,,,0.0
annihilate,0,0,,,0.0
ominous,0,0,,,0.0
inexorable,0,0,,,0.0
compendium,0,0,,,0.0
pensive,0,0,,,0.0
subordinate,0,0,,,0.0
v. 使服從、使列入下級,0,0,,,0.0
compliance,0,0,,,0.0
extrapolate,0,0,,,0.0
ponderous,0,0,,,0.0
purport,0,0,,,0.0
apropos,0,0,,,0.0
appropriate,0,0,,,0.0
propriety,0,0,,,0.0
compunction,0,0,,,0.0
punctilious,0,0,,,0.0
eradicate,0,0,,,0.0
rapacious,0,0,,,0.0
rectitude,0,0,,,0.0
resurrect,0,0,,,0.0
prerogative,0,0,,,0.0
sanctimonious,0,0,,,0.0
insatiable,0,0,,,0.0
inscrutable,0,0,,,0.0
bisect,0,0,,,0.0
insidious,0,0,,,0.0
assimilate,0,0,,,0.0
auspicious,0,0,,,0.0
circumstantial,0,0,,,0.0
stalwart,0,0,,,0.0
stilted,0,0,,,0.0
construe,0,0,,,0.0
strip,0,0,,,0.0
constrain,0,0,,,0.0
countenance,0,0,,,0.0
impertinent,0,0,,,0.0
intemperance,0,0,,,0.0
contemplate,0,0,,,0.0
tenuous,0,0,,,0.0
interminable,0,0,,,0.0
deterrent,0,0,,,0.0
detract,0,0,,,0.0
retract,0,0,,,0.0
intrepid,0,0,,,0.0
obtrude,0,0,,,0.0
tumultuous,0,0,,,0.0
contravene,0,0,,,0.0
vengeance,0,0,,,0.0
convergent,0,0,,,0.0
devious,0,0,,,0.0
vigilant,0,0,,,0.0
invigorate,0,0,,,0.0
gullible,0,0,,,0.0
vilify,0,0,,,0.0
devoid,0,0,,,0.0
disavow,0,0,,,0.0
absurd,0,0,,,0.0
acquisitive,0,0,,,0.0
adamant,0,0,,,0.0
ancillary,0,0,,,0.0
assuage,0,0,,,0.0
badger,0,0,,,0.0
bereft,0,0,,,0.0
blatant,0,0,,,0.0
blight,0,0,,,0.0
cagey,0,0,,,0.0
comity,0,0,,,0.0
connive,0,0,,,0.0
contrive,0,0,,,0.0
enfetter,0,0,,,0.0
entice,0,0,,,0.0
galvanize,0,0,,,0.0
gripe,0,0,,,0.0
inchoate,0,0,,,0.0
incisive,0,0,,,0.0
lavish,0,0,,,0.0
lax,0,0,,,0.0
lay out,0,0,,,0.0
lethal,0,0,,,0.0
malleable,0,0,,,0.0
oblique,0,0,,,0.0
overbearing,0,0,,,0.0
palliative,0,0,,,0.0
philistine,0,0,,,0.0
phlegmatic,0,0,,,0.0
presage,0,0,,,0.0
propensity,0,0,,,0.0
querulous,0,0,,,0.0
rebut,0,0,,,0.0
rehash,0,0,,,0.0
schematic,0,0,,,0.0
somatic,0,0,,,0.0
sordid,0,0,,,0.0
sterling,0,0,,,0.0
stratification,0,0,,,0.0
temerity,0,0,,,0.0
uncanny,0,0,,,0.0
wary,0,0,,,0.0
analgesic,0,0,,,0.0
pusillanimous,0,0,,,0.0
artifice,0,0,,,0.0
lambaste,0,0,,,0.0
capitulate,0,0,,,0.0
encapsulate,0,0,,,0.0
chivalrous,0,0,,,0.0
chastise,0,0,,,0.0
succinct,0,0,,,0.0
precocious,0,0,,,0.0
accolade,0,0,,,0.0
concord,0,0,,,0.0
cordial,0,0,,,0.0
copious,0,0,,,0.0
exculpate,0,0,,,0.0
decorous,0,0,,,0.0
dilemma,0,0,,,0.0
deduct,0,0,,,0.0
seductive,0,0,,,0.0
equanimity,0,0,,,0.0
facility,0,0,,,0.0
counterfeit,0,0,,,0.0
surfeit,0,0,,,0.0
felicitous,0,0,,,0.0
fictitious,0,0,,,0.0
ramification,0,0,,,0.0
deflect,0,0,,,0.0
fugitive,0,0,,,0.0
heretical,0,0,,,0.0
dilute,0,0,,,0.0
levity,0,0,,,0.0
circumlocution,0,0,,,0.0
circumlocutory,0,0,,,0.0
emanate,0,0,,,0.0
demanding,0,0,,,0.0
demeanor,0,0,,,0.0
menace,0,0,,,0.0
emend,0,0,,,0.0
mentor,0,0,,,0.0
eminent,0,0,,,0.0
mollify,0,0,,,0.0
moribund,0,0,,,0.0
paramount,0,0,,,0.0
munificent,0,0,,,0.0
nascent,0,0,,,0.0
enervate,0,0,,,0.0
annex,0,0,,,0.0
noxious,0,0,,,0.0
obnoxious,0,0,,,0.0
malodorous,0,0,,,0.0
onerous,0,0,,,0.0
impart,0,0,,,0.0
pathological,0,0,,,0.0
impecunious,0,0,,,0.0
pecuniary,0,0,,,0.0
pending,0,0,,,0.0
petulant,0,0,,,0.0
propitious,0,0,,,0.0
sycophant,0,0,,,0.0
pious,0,0,,,0.0
juxtapose,0,0,,,0.0
predisposition,0,0,,,0.0
omnipotent,0,0,,,0.0
priority,0,0,,,0.0
propaganda,0,0,,,0.0
repulse,0,0,,,0.0
regime,0,0,,,0.0
deride,0,0,,,0.0
ridicule,0,0,,,0.0
derogatory,0,0,,,0.0
shrug,0,0,,,0.0
salubrious,0,0,,,0.0
omniscient,0,0,,,0.0
observant,0,0,,,0.0
despicable,0,0,,,0.0
perspicuous,0,0,,,0.0
ecstatic,0,0,,,0.0
n. 意外事故、偶然事件,0,0,,,0.0
tortuous,0,0,,,0.0
detour,0,0,,,0.0
diatribe,0,0,,,0.0
contumacious,0,0,,,0.0
mitigate,0,0,,,0.0
sanguine,0,0,,,0.0
meticulous,0,0,,,0.0
undermine,0,0,,,0.0
forestall,0,0,,,0.0
paucity,0,0,,,0.0
confound,0,0,,,0.0
enigma,0,0,,,0.0
opaque,0,0,,,0.0
belie,0,0,,,0.0
thwart,0,0,,,0.0
capricious,0,0,,,0.0
sporadic,0,0,,,0.0
perfunctory,0,0,,,0.0
apathetic,0,0,,,0.0
contentious,0,0,,,0.0
mundane,0,0,,,0.0
imperturbable,0,0,,,0.0
variability,0,0,,,0.0
vernacular,0,0,,,0.0
incontrovertible,0,0,,,0.0
divert,0,0,,,0.0
vestige,0,0,,,0.0
impervious,0,0,,,0.0
vigorous,0,0,,,0.0
providential,0,0,,,0.0
provocative,0,0,,,0.0
univocal,0,0,,,0.0
devour,0,0,,,0.0
voracious,0,0,,,0.0
ravenous,0,0,,,0.0
anecdote,0,0,,,0.0
asseverate,0,0,,,0.0
atrophy,0,0,,,0.0
backbite,0,0,,,0.0
baroque,0,0,,,0.0
bravado,0,0,,,0.0
bypass,0,0,,,0.0
chimera,0,0,,,0.0
commonplace,0,0,,,0.0
crabby,0,0,,,0.0
debilitate,0,0,,,0.0
delimit,0,0,,,0.0
enfeeble,0,0,,,0.0
entail,0,0,,,0.0
fraught,0,0,,,0.0
histrionic,0,0,,,0.0
hodgepodge,0,0,,,0.0
imbue,0,0,,,0.0
meager,0,0,,,0.0
meretricious,0,0,,,0.0
modicum,0,0,,,0.0
momentous,0,0,,,0.0
peevish,0,0,,,0.0
physiological,0,0,,,0.0
retaliate,0,0,,,0.0
sartorial,0,0,,,0.0
shading,0,0,,,0.0
skittish,0,0,,,0.0
slumber,0,0,,,0.0
staggering,0,0,,,0.0
stoicism,0,0,,,0.0
sumptuous,0,0,,,0.0
valorize,0,0,,,0.0
woo,0,0,,,0.0
acerbic,0,0,,,0.0
vehement,0,0,,,0.0
wanting,0,0,,,0.0
wary,0,0,,,0.0
wont,0,0,,,0.0
zealous,0,0,,,0.0
unkempt,0,0,,,0.0
unscathed,0,0,,,0.0
unwieldly,0,0,,,0.0
unwittingly,0,0,,,0.0
upheaval,0,0,,,0.0
acrimonious,0,0,,,0.0
acrimony,0,0,,,0.0
acuity,0,0,,,0.0
acumen,0,0,,,0.0
exactitude,0,0,,,0.0
exacting,0,0,,,0.0
agrarian,0,0,,,0.0
nostalgia,0,0,,,0.0
alienation,0,0,,,0.0
inalienable,0,0,,,0.0
enmity,0,0,,,0.0
enamored,0,0,,,0.0
inimical,0,0,,,0.0
amplify,0,0,,,0.0
ancestry,0,0,,,0.0
animosity,0,0,,,0.0
animus,0,0,,,0.0
perennial,0,0,,,0.0
misanthrope,0,0,,,0.0
inept,0,0,,,0.0
aqueous,0,0,,,0.0
asperity,0,0,,,0.0
auxiliary,0,0,,,0.0
avid,0,0,,,0.0
barricade,0,0,,,0.0
debase,0,0,,,0.0
abate,0,0,,,0.0
benevolent,0,0,,,0.0
embellish,0,0,,,0.0
imbibe,0,0,,,0.0
吸收，接受（思想，知識等）,0,0,,,0.0
blemish,0,0,,,0.0
bounteous,0,0,,,0.0
debrief,0,0,,,0.0
casualty,0,0,,,0.0
coincide,0,0,,,0.0
callous,0,0,,,0.0
incense,0,0,,,0.0
accentuate,0,0,,,0.0
chanty,0,0,,,0.0
recant,0,0,,,0.0
recapitulate,0,0,,,0.0
capacious,0,0,,,0.0
captivate,0,0,,,0.0
excavate,0,0,,,0.0
concede,0,0,,,0.0
precede,0,0,,,0.0
predecessor,0,0,,,0.0
successively,0,0,,,0.0
censorious,0,0,,,0.0
centrifugal,0,0,,,0.0
eccentric,0,0,,,0.0
egocentric,0,0,,,0.0
deceive,0,0,,,0.0
perceptive,0,0,,,0.0
receptive,0,0,,,0.0
chromatic,0,0,,,0.0
anachronistic,0,0,,,0.0
chronological,0,0,,,0.0
incipient,0,0,,,0.0
incite,0,0,,,0.0
resuscitate,0,0,,,0.0
reclaim,0,0,,,0.0
clandestine,0,0,,,0.0
clannish,0,0,,,0.0
disinclination,0,0,,,0.0
conclusive,0,0,,,0.0
occlude,0,0,,,0.0
cognizance,0,0,,,0.0
miscreant,0,0,,,0.0
hypocrite,0,0,,,0.0
hypocrisy,0,0,,,0.0
cryptic,0,0,,,0.0
secrete,0,0,,,0.0
culprit,0,0,,,0.0
cult,0,0,,,0.0
occult,0,0,,,0.0
encumber,0,0,,,0.0
incumbent,0,0,,,0.0
cursory,0,0,,,0.0
curtail,0,0,,,0.0
discourse,0,0,,,0.0
precursor,0,0,,,0.0
procure,0,0,,,0.0
accuse,0,0,,,0.0
repercussion,0,0,,,0.0
encyclopedic,0,0,,,0.0
cynosure,0,0,,,0.0
disdain,0,0,,,0.0
ambidextrous,0,0,,,0.0
dextrous,0,0,,,0.0
quotidian,0,0,,,0.0
dilatory,0,0,,,0.0
divergent,0,0,,,0.0
dubious,0,0,,,0.0
duplicity,0,0,,,0.0
indict,0,0,,,0.0
malediction,0,0,,,0.0
verdict,0,0,,,0.0
doctrinaire,0,0,,,0.0
indolent,0,0,,,0.0
predominant,0,0,,,0.0
dogma,0,0,,,0.0
dogmatism,0,0,,,0.0
paradox,0,0,,,0.0
adduce,0,0,,,0.0
conducive,0,0,,,0.0
deduce,0,0,,,0.0
peremptory,0,0,,,0.0
preempt,0,0,,,0.0
adequate,0,0,,,0.0
egalitarian,0,0,,,0.0
equable,0,0,,,0.0
equate,0,0,,,0.0
equilibrium,0,0,,,0.0
equivalent,0,0,,,0.0
equivocal,0,0,,,0.0
iniquitous,0,0,,,0.0
errand,0,0,,,0.0
erroneous,0,0,,,0.0
aesthetic,0,0,,,0.0
ethos,0,0,,,0.0
affable,0,0,,,0.0
facile,0,0,,,0.0
efface,0,0,,,0.0
facetious,0,0,,,0.0
preface,0,0,,,0.0
fallacious,0,0,,,0.0
fallibility,0,0,,,0.0
falsification,0,0,,,0.0
fanatical,0,0,,,0.0
felicific,0,0,,,0.0
confer,0,0,,,0.0
peripheral,0,0,,,0.0
odoriferous,0,0,,,0.0
profess,0,0,,,0.0
beneficent,0,0,,,0.0
suffice,0,0,,,0.0
confidant,0,0,,,0.0
perfidious,0,0,,,0.0
configuration,0,0,,,0.0
prefigure,0,0,,,0.0
affiliation,0,0,,,0.0
confine,0,0,,,0.0
infinite,0,0,,,0.0
fine-tune,0,0,,,0.0
inflammatory,0,0,,,0.0
inflate,0,0,,,0.0
afflict,0,0,,,0.0
inflict,0,0,,,0.0
florid,0,0,,,0.0
fluid,0,0,,,0.0
fortify,0,0,,,0.0
frivolous,0,0,,,0.0
suffrage,0,0,,,0.0
founder,0,0,,,0.0
profound,0,0,,,0.0
defuse,0,0,,,0.0
refutable,0,0,,,0.0
refute,0,0,,,0.0
genealogy,0,0,,,0.0
genesis,0,0,,,0.0
genome,0,0,,,0.0
degenerate,0,0,,,0.0
engender,0,0,,,0.0
genial,0,0,,,0.0
indigenous,0,0,,,0.0
ingenious,0,0,,,0.0
disingenuous,0,0,,,0.0
germinate,0,0,,,0.0
ingest,0,0,,,0.0
aggrandize,0,0,,,0.0
grandiose,0,0,,,0.0
gratify,0,0,,,0.0
ingrate,0,0,,,0.0
digressive,0,0,,,0.0
transgress,0,0,,,0.0
incongruous,0,0,,,0.0
demography,0,0,,,0.0
harbinger,0,0,,,0.0
herald,0,0,,,0.0
heredity,0,0,,,0.0
herbivorous,0,0,,,0.0
adhere,0,0,,,0.0
exhilarate,0,0,,,0.0
hilarious,0,0,,,0.0
abhorrent,0,0,,,0.0
inhumane,0,0,,,0.0
humility,0,0,,,0.0
hydrate,0,0,,,0.0
iconoclastic,0,0,,,0.0
ideology,0,0,,,0.0
emulate,0,0,,,0.0
imitable,0,0,,,0.0
insular,0,0,,,0.0
disintegrate,0,0,,,0.0
integrity,0,0,,,0.0
circuitous,0,0,,,0.0
itinerant,0,0,,,0.0
transitory,0,0,,,0.0
dejected,0,0,,,0.0
objection,0,0,,,0.0
objective,0,0,,,0.0
judicious,0,0,,,0.0
adjunct,0,0,,,0.0
superlative,0,0,,,0.0
delinquent,0,0,,,0.0
unliterary,0,0,,,0.0
objurgate,0,0,,,0.0
justify,0,0,,,0.0
jubilation,0,0,,,0.0
rejuvenate,0,0,,,0.0
elaboration,0,0,,,0.0
laborious,0,0,,,0.0
legitimate,0,0,,,0.0
alleviate,0,0,,,0.0
elevate,0,0,,,0.0
illiberal,0,0,,,0.0
prolific,0,0,,,0.0
delineate,0,0,,,0.0
relinquish,0,0,,,0.0
v. 使黯然失色,0,0,,,0.0
monolithic,0,0,,,0.0
locus,0,0,,,0.0
colloquial,0,0,,,0.0
eloquence,0,0,,,0.0
loquacious,0,0,,,0.0
laconic,0,0,,,0.0
monolog,0,0,,,0.0
soliloguy,0,0,,,0.0
long-winded,0,0,,,0.0
elucidate,0,0,,,0.0
lucubration,0,0,,,0.0
lucrative,0,0,,,0.0
delude,0,0,,,0.0
elusive,0,0,,,0.0
illusory,0,0,,,0.0
illuminate,0,0,,,0.0
illustrative,0,0,,,0.0
lackluster,0,0,,,0.0
malady,0,0,,,0.0
impermanent,0,0,,,0.0
maneuver,0,0,,,0.0
manipulate,0,0,,,0.0
manuscript,0,0,,,0.0
mandatory,0,0,,,0.0
reprimand,0,0,,,0.0
intermediary,0,0,,,0.0
amenable,0,0,,,0.0
minatory,0,0,,,0.0
self-effacing,0,0,,,0.0
plainly,0,0,,,0.0
consternation,0,0,,,0.0
stagnant,0,0,,,0.0
stifle,0,0,,,0.0
snub,0,0,,,0.0
backwater,0,0,,,0.0
dismissal,0,0,,,0.0
derision,0,0,,,0.0
backfire,0,0,,,0.0
incommensurate,0,0,,,0.0
measured,0,0,,,0.0
mercenary,0,0,,,0.0
inveterate,0,0,,,0.0
imminent,0,0,,,0.0
minuscule,0,0,,,0.0
dismiss,0,0,,,0.0
remiss,0,0,,,0.0
remission,0,0,,,0.0
surmise,0,0,,,0.0
unremitting,0,0,,,0.0
mnemonics,0,0,,,0.0
moderate,0,0,,,0.0
modulate,0,0,,,0.0
outmoded,0,0,,,0.0
admonish,0,0,,,0.0
demonstrative,0,0,,,0.0
remonstrance,0,0,,,0.0
demoralize,0,0,,,0.0
morph,0,0,,,0.0
metamorphose,0,0,,,0.0
remorse,0,0,,,0.0
morbid,0,0,,,0.0
mortify,0,0,,,0.0
locomotive,0,0,,,0.0
municipality,0,0,,,0.0
murky,0,0,,,0.0
mutable,0,0,,,0.0
transmute,0,0,,,0.0
innate,0,0,,,0.0
neonate,0,0,,,0.0
abnegate,0,0,,,0.0
noisome,0,0,,,0.0
misnomer,0,0,,,0.0
nominal,0,0,,,0.0
nostrum,0,0,,,0.0
connotation,0,0,,,0.0
heed,0,0,,,0.0
hectic,0,0,,,0.0
intrinsic,0,0,,,0.0
jejune,0,0,,,0.0
languish,0,0,,,0.0
lull,0,0,,,0.0
mawkish,0,0,,,0.0
denounce,0,0,,,0.0
novelty,0,0,,,0.0
innovative,0,0,,,0.0
nullify,0,0,,,0.0
anonymity,0,0,,,0.0
oracle,0,0,,,0.0
oracular,0,0,,,0.0
foreordain,0,0,,,0.0
plethora,0,0,,,0.0
replete,0,0,,,0.0
envision,0,0,,,0.0
invidious,0,0,,,0.0
vista,0,0,,,0.0
staleness,0,0,,,0.0
adversity,0,0,,,0.0
impulsive,0,0,,,0.0
estimable,0,0,,,0.0
hackneyed,0,0,,,0.0
gripping,0,0,,,0.0
overblown,0,0,,,0.0
apocalypse,0,0,,,0.0
couch,0,0,,,0.0
pugnacious,0,0,,,0.0
cacophony,0,0,,,0.0
phony,0,0,,,0.0
awry,0,0,,,0.0
valiant,0,0,,,0.0
conform,0,0,,,0.0
flummox,0,0,,,0.0
hearten,0,0,,,0.0
cosseted,0,0,,,0.0
craven,0,0,,,0.0
intrude,0,0,,,0.0
manifest,0,0,,,0.0
petty,0,0,,,0.0
spiteful,0,0,,,0.0
pedestrian,0,0,,,0.0
qualify,0,0,,,0.0
hedge,0,0,,,0.0
extenuate,0,0,,,0.0
turbid,0,0,,,0.0
inveterate,0,0,,,0.0
seminal,0,0,,,0.0
censor,0,0,,,0.0
hazardous,0,0,,,0.0
tactless,0,0,,,0.0
contiguous,0,0,,,0.0
tangential,0,0,,,0.0
rant,0,0,,,0.0
revolt,0,0,,,0.0
inopportune,0,0,,,0.0
ordinance,0,0,,,0.0
inordinate,0,0,,,0.0
insubordinate,0,0,,,0.0
appall,0,0,,,0.0
paltry,0,0,,,0.0
apparel,0,0,,,0.0
apparition,0,0,,,0.0
disparage,0,0,,,0.0
transparent,0,0,,,0.0
parity,0,0,,,0.0
counterpart,0,0,,,0.0
impartial,0,0,,,0.0
partial,0,0,,,0.0
particulate,0,0,,,0.0
partisan,0,0,,,0.0
impasse,0,0,,,0.0
antipathy,0,0,,,0.0
empathy,0,0,,,0.0
passivity,0,0,,,0.0
impeccable,0,0,,,0.0
peccadillo,0,0,,,0.0
impede,0,0,,,0.0
compelling,0,0,,,0.0
propel,0,0,,,0.0
penchant,0,0,,,0.0
dispensable,0,0,,,0.0
personification,0,0,,,0.0
cede,0,0,,,0.0
unflappable,0,0,,,0.0
contempt,0,0,,,0.0
gloat,0,0,,,0.0
promulgate,0,0,,,0.0
inattentive,0,0,,,0.0
flustered,0,0,,,0.0
retrograde,0,0,,,0.0
belabor,0,0,,,0.0
imposing,0,0,,,0.0
sublime,0,0,,,0.0
beleaguer,0,0,,,0.0
beget,0,0,,,0.0
analogous,0,0,,,0.0
insofar as,0,0,,,0.0
conceited,0,0,,,0.0
introspect,0,0,,,0.0
prescription,0,0,,,0.0
transcribe,0,0,,,0.0
proscriptive,0,0,,,0.0
salutary,0,0,,,0.0
futility,0,0,,,0.0
be subject to,0,0,,,0.0
salient,0,0,,,0.0
assail,0,0,,,0.0
hindsight,0,0,,,0.0
nondescript,0,0,,,0.0
desolate,0,0,,,0.0
bristle,0,0,,,0.0
ubiquitous,0,0,,,0.0
imprudent,0,0,,,0.0
impudent,0,0,,,0.0
exotic,0,0,,,0.0
pristine,0,0,,,0.0
obtrusive,0,0,,,0.0
laughable,0,0,,,0.0
eulogize,0,0,,,0.0
imperceptible,0,0,,,0.0
habituate,0,0,,,0.0
rife,0,0,,,0.0
assemble,0,0,,,0.0
resemble,0,0,,,0.0
truncated,0,0,,,0.0
meander,0,0,,,0.0
maverick,0,0,,,0.0
paragon,0,0,,,0.0
old-timer,0,0,,,0.0
unassuming,0,0,,,0.0
comprehensive,0,0,,,0.0
misapprehend,0,0,,,0.0
sleazy,0,0,,,0.0
skinflint,0,0,,,0.0
ad hoc,0,0,,,0.0
unconscionable,0,0,,,0.0
coup,0,0,,,0.0
piety,0,0,,,0.0
depict,0,0,,,0.0
picturesque,0,0,,,0.0
complacent,0,0,,,0.0
complaisant,0,0,,,0.0
placebo,0,0,,,0.0
implausible,0,0,,,0.0
laudatory,0,0,,,0.0
plenitude,0,0,,,0.0
complementary,0,0,,,0.0
duplicate,0,0,,,0.0
duplicitous,0,0,,,0.0
explicable,0,0,,,0.0
explicit,0,0,,,0.0
replicate,0,0,,,0.0
deplorable,0,0,,,0.0
impolitic,0,0,,,0.0
politic,0,0,,,0.0
ponder,0,0,,,0.0
preponderate,0,0,,,0.0
apposite,0,0,,,0.0
imposter,0,0,,,0.0
posit,0,0,,,0.0
repository,0,0,,,0.0
despotic,0,0,,,0.0
deprave,0,0,,,0.0
repress,0,0,,,0.0
unimpressed,0,0,,,0.0
approbation,0,0,,,0.0
reprove,0,0,,,0.0
propagate,0,0,,,0.0
pilferage,0,0,,,0.0
malapropism,0,0,,,0.0
prosaic,0,0,,,0.0
prose,0,0,,,0.0
approximate,0,0,,,0.0
proximity,0,0,,,0.0
compulsory,0,0,,,0.0
impulse,0,0,,,0.0
puncture,0,0,,,0.0
acquiesce,0,0,,,0.0
quiescent,0,0,,,0.0
tranquil,0,0,,,0.0
abrasive,0,0,,,0.0
regimental,0,0,,,0.0
rein,0,0,,,0.0
sovereign,0,0,,,0.0
rigorous,0,0,,,0.0
derivative,0,0,,,0.0
corroborate,0,0,,,0.0
entreat,0,0,,,0.0
treatise,0,0,,,0.0
virulence,0,0,,,0.0
anoint,0,0,,,0.0
aghast,0,0,,,0.0
bashful,0,0,,,0.0
bourgeois,0,0,,,0.0
choreographed,0,0,,,0.0
rattle,0,0,,,0.0
manifesto,0,0,,,0.0
initiative,0,0,,,0.0
undertaking,0,0,,,0.0
cook up,0,0,,,0.0
impotence,0,0,,,0.0
enterprising,0,0,,,0.0
resourceful,0,0,,,0.0
temperate,0,0,,,0.0
liability,0,0,,,0.0
opprobrious,0,0,,,0.0
truculent,0,0,,,0.0
intrigue,0,0,,,0.0
intricate,0,0,,,0.0
daunting,0,0,,,0.0
jettison,0,0,,,0.0
cronyism,0,0,,,0.0
vacillate,0,0,,,0.0
supersede,0,0,,,0.0
testament,0,0,,,0.0
sedative,0,0,,,0.0
brackish,0,0,,,0.0
dispose,0,0,,,0.0
infeasible,0,0,,,0.0
evocative,0,0,,,0.0
edify,0,0,,,0.0
chagrin,0,0,,,0.0
emulsify,0,0,,,0.0
disabuse,0,0,,,0.0
expansive,0,0,,,0.0
balk,0,0,,,0.0
recast,0,0,,,0.0
civility,0,0,,,0.0
derogate,0,0,,,0.0
sate,0,0,,,0.0
satiate,0,0,,,0.0
sagacious,0,0,,,0.0
escalate,0,0,,,0.0
prescient,0,0,,,0.0
inscription,0,0,,,0.0
subscribe,0,0,,,0.0
sectarianism,0,0,,,0.0
inconsequential,0,0,,,0.0
sentiment,0,0,,,0.0
assert,0,0,,,0.0
conservative,0,0,,,0.0
subservient,0,0,,,0.0
undeserved,0,0,,,0.0
consign,0,0,,,0.0
dissimulate,0,0,,,0.0
simultaneous,0,0,,,0.0
consistent,0,0,,,0.0
obsolescent,0,0,,,0.0
absolve,0,0,,,0.0
consonant,0,0,,,0.0
solitude,0,0,,,0.0
philosophic,0,0,,,0.0
sophistication,0,0,,,0.0
sophistry,0,0,,,0.0
introspective,0,0,,,0.0
respite,0,0,,,0.0
sparse,0,0,,,0.0
awe-inspiring,0,0,,,0.0
extant,0,0,,,0.0
static,0,0,,,0.0
stanch,0,0,,,0.0
stint,0,0,,,0.0
outstrip,0,0,,,0.0
catastrophe,0,0,,,0.0
consummate,0,0,,,0.0
reassure,0,0,,,0.0
resurge,0,0,,,0.0
abstentious,0,0,,,0.0
abstinent,0,0,,,0.0
standstill,0,0,,,0.0
convection,0,0,,,0.0
candor,0,0,,,0.0
tantalize,0,0,,,0.0
estrange,0,0,,,0.0
vitality,0,0,,,0.0
unmediated,0,0,,,0.0
flush,0,0,,,0.0
tedium,0,0,,,0.0
shattering,0,0,,,0.0
contrite,0,0,,,0.0
torpor,0,0,,,0.0
quell,0,0,,,0.0
indebted,0,0,,,0.0
vainglorious,0,0,,,0.0
monotonous,0,0,,,0.0
vanquish,0,0,,,0.0
intractable,0,0,,,0.0
rebuff,0,0,,,0.0
prevaricate,0,0,,,0.0
proselytize,0,0,,,0.0
posterity,0,0,,,0.0
abashed,0,0,,,0.0
imperial,0,0,,,0.0
spare,0,0,,,0.0
fancy,0,0,,,0.0
adj. 精緻的；昂貴的,0,0,,,0.0
tonic,0,0,,,0.0
vitriol,0,0,,,0.0
perspicacious,0,0,,,0.0
acquittal,0,0,,,0.0
stoop,0,0,,,0.0
redolent,0,0,,,0.0
counterproductive,0,0,,,0.0
enduring,0,0,,,0.0
impalpable,0,0,,,0.0
unalloyed,0,0,,,0.0
untenable,0,0,,,0.0
detect,0,0,,,0.0
distend,0,0,,,0.0
portentous,0,0,,,0.0
exterminate,0,0,,,0.0
distortion,0,0,,,0.0
intoxicate,0,0,,,0.0
transience,0,0,,,0.0
protract,0,0,,,0.0
pay tribute to,0,0,,,0.0
archetypal,0,0,,,0.0
adumbrate,0,0,,,0.0
umbrage,0,0,,,0.0
abuse,0,0,,,0.0
pervasive,0,0,,,0.0
ambivalent,0,0,,,0.0
aver,0,0,,,0.0
adversary,0,0,,,0.0
invert,0,0,,,0.0
nonviable,0,0,,,0.0
reverberant,0,0,,,0.0
conviction,0,0,,,0.0
beguile,0,0,,,0.0
profusion,0,0,,,0.0
virtue,0,0,,,0.0
revise,0,0,,,0.0
vivacious,0,0,,,0.0
vociferous,0,0,,,0.0
volatile,0,0,,,0.0
convoluted,0,0,,,0.0
voluble,0,0,,,0.0
welter,0,0,,,0.0
carnivorous,0,0,,,0.0
abeyance,0,0,,,0.0
abreast,0,0,,,0.0
absorbing,0,0,,,0.0
abysmal,0,0,,,0.0
adolescent,0,0,,,0.0
adulation,0,0,,,0.0
allure,0,0,,,0.0
aloof,0,0,,,0.0
amalgam,0,0,,,0.0
archaic,0,0,,,0.0
arduous,0,0,,,0.0
astute,0,0,,,0.0
at odds,0,0,,,0.0
avarice,0,0,,,0.0
befuddle,0,0,,,0.0
bespeak,0,0,,,0.0
blunder,0,0,,,0.0
brazen,0,0,,,0.0
bucolic,0,0,,,0.0
burgeoning,0,0,,,0.0
byline,0,0,,,0.0
cache,0,0,,,0.0
calamity,0,0,,,0.0
camouflage,0,0,,,0.0
caricature,0,0,,,0.0
caterwaul,0,0,,,0.0
cliquish,0,0,,,0.0
coddle,0,0,,,0.0
colossal,0,0,,,0.0
conceivable,0,0,,,0.0
debacle,0,0,,,0.0
debut,0,0,,,0.0
derelict,0,0,,,0.0
descry,0,0,,,0.0
deterioration,0,0,,,0.0
dire,0,0,,,0.0
disproportionate,0,0,,,0.0
distill,0,0,,,0.0
doldrums,0,0,,,0.0
drollness,0,0,,,0.0
empiricism,0,0,,,0.0
exemplify,0,0,,,0.0
extraneous,0,0,,,0.0
fecund,0,0,,,0.0
ferocity,0,0,,,0.0
fitfully,0,0,,,0.0
flagged,0,0,,,0.0
flair,0,0,,,0.0
flaunt,0,0,,,0.0
flippant,0,0,,,0.0
flummery,0,0,,,0.0
forebode,0,0,,,0.0
forthright,0,0,,,0.0
glean,0,0,,,0.0
halfhearted,0,0,,,0.0
hauteur,0,0,,,0.0
hedonistic,0,0,,,0.0
heyday,0,0,,,0.0
hitherto,0,0,,,0.0
hone,0,0,,,0.0
honorific,0,0,,,0.0
indigent,0,0,,,0.0
interplay,0,0,,,0.0
inure,0,0,,,0.0
inveigle,0,0,,,0.0
limpid,0,0,,,0.0
overwrought,0,0,,,0.0
puerile,0,0,,,0.0
poignant,0,0,,,0.0
prickly,0,0,,,0.0
prodigy,0,0,,,0.0
rail at,0,0,,,0.0
reconnaissance,0,0,,,0.0
sardonic,0,0,,,0.0
shirk,0,0,,,0.0
skulduggery,0,0,,,0.0
slake,0,0,,,0.0
slapdash,0,0,,,0.0
slur,0,0,,,0.0
squander,0,0,,,0.0
taxing,0,0,,,0.0
trifling,0,0,,,0.0
trite,0,0,,,0.0
ungainly,0,0,,,0.0
nadir,0,0,,,0.0
naysayer,0,0,,,0.0
numinous,0,0,,,0.0
obeisance,0,0,,,0.0
oscillate,0,0,,,0.0
oust,0,0,,,0.0
jeopardize,0,0,,,0.0
layperson,0,0,,,0.0
nebulous,0,0,,,0.0
plastic,0,0,,,0.0
prerequisite,0,0,,,0.0
rancor,0,0,,,0.0
ridge,0,0,,,0.0
sarcastic,0,0,,,0.0
shackle,0,0,,,0.0
shun,0,0,,,0.0
supplement,0,0,,,0.0
anthropogenic,0,0,,,0.0
